field_1,Node,field_3,field_4,field_5,id,n,distance,feature_x,feature_y,nearest_x,nearest_y
true,70,0,12.136932000000000,45.019852000000000,,1,0.000000340322786,12.136932000000000,45.019852000000000,12.136932019159527,45.019851660216965
true,135,0,12.104547999999999,45.019607999999998,,1,0.000000525803482,12.104547999999999,45.019607999999998,12.104548083750119,45.019607480909237
true,139,0,12.079478000000000,44.980922999999997,,1,0.000000381442024,12.079478000000000,44.980922999999997,12.079478160157803,44.980922653810026
true,149,0,12.070408000000000,45.003543999999998,,1,0.000000194522744,12.070408000000000,45.003543999999998,12.070407845891610,45.003543881299947
true,151,0,12.118292000000000,45.018414000000000,,1,0.000000482260238,12.118292000000000,45.018414000000000,12.118291887984034,45.018413530929259
true,152,0,12.071073999999999,45.012332999999998,,1,0.000000260326529,12.071073999999999,45.012332999999998,12.071073823272933,45.012333191147704
true,155,0,12.122795000000000,45.018344999999997,,1,0.000000141410217,12.122795000000000,45.018344999999997,12.122795035806192,45.018344863198074
true,157,0,12.067318999999999,44.977966000000002,,1,0.000046200030766,12.067318999999999,44.977966000000002,12.067314882300026,44.978012016164442
true,160,0,12.089231000000000,45.020221999999997,,1,0.000000319757485,12.089231000000000,45.020221999999997,12.089230978874401,45.020221680941134
true,164,0,12.077590000000001,44.980049000000001,,1,0.000000124156884,12.077590000000001,44.980049000000001,12.077589953132687,44.980049114971251
true,165,0,12.087653000000000,45.019191999999997,,1,0.000000290930428,12.087653000000000,45.019191999999997,12.087653070217618,45.019191717670402
true,166,0,12.071424000000000,45.002243000000000,,1,0.000000253830150,12.071424000000000,45.002243000000000,12.071423845758664,45.002242798407948
true,169,0,12.069656000000000,45.008518000000002,,1,0.000000288231903,12.069656000000000,45.008518000000002,12.069656275297580,45.008517914625109
true,170,0,12.094760000000001,45.019526999999997,,1,0.000000436658412,12.094760000000001,45.019526999999997,12.094760020713917,45.019527436166825
true,171,0,12.061987000000000,44.977535000000003,,1,0.000000256135250,12.061987000000000,44.977535000000003,12.061986977171269,44.977535255115889
true,172,0,12.081072000000001,44.994461000000001,,1,0.000000075857348,12.081072000000001,44.994461000000001,12.081071942055175,44.994460951043550
true,173,0,12.083553999999999,44.984493000000001,,1,0.000010303576494,12.083553999999999,44.984493000000001,12.083545123568683,44.984498231888345
true,176,0,12.084663000000001,44.986572000000002,,1,0.000069177546598,12.084663000000001,44.986572000000002,12.084598459420638,44.986596900734305
true,178,0,12.055272000000000,44.977428000000003,,1,0.000000000000000,12.055272000000000,44.977428000000003,12.055272000000000,44.977428000000003
true,180,0,12.075963000000000,44.998733999999999,,1,0.000036907944346,12.075963000000000,44.998733999999999,12.075939899075015,44.998705215566346
true,182,0,12.069283000000000,45.005004999999997,,1,0.000000445577454,12.069283000000000,45.005004999999997,12.069282646996426,45.005004728103430
true,184,0,12.071961999999999,44.978428000000001,,1,0.000000141648186,12.071961999999999,44.978428000000001,12.071962012624768,44.978427858915545
true,185,0,12.073847000000001,44.978523000000003,,1,0.000000299451197,12.073847000000001,44.978523000000003,12.073846886961782,44.978523277296560
true,186,0,12.128117000000000,45.018036000000002,,1,0.000000066714908,12.128117000000000,45.018036000000002,12.128117007291783,45.018035933684779
true,187,0,12.069680000000000,44.978245000000001,,1,0.000021259236885,12.069680000000000,44.978245000000001,12.069681894785733,44.978223825370371
true,189,0,12.085101000000000,44.987900000000003,,1,0.000000050521683,12.085101000000000,44.987900000000003,12.085100962444514,44.987899966206129
true,191,0,12.120784000000000,45.017817999999998,,1,0.000000483444855,12.120784000000000,45.017817999999998,12.120783877587916,45.017818467690290
true,192,0,12.099607000000001,45.019359999999999,,1,0.000040122754030,12.099607000000001,45.019359999999999,12.099605467704050,45.019319906515989
true,195,0,12.083036000000000,45.018044000000003,,1,0.000000586651610,12.083036000000000,45.018044000000003,12.083036182080409,45.018043442320135
true,198,0,12.102160000000000,45.019221999999999,,1,0.000000276995920,12.102160000000000,45.019221999999999,12.102160010578528,45.019222276793847
true,204,0,12.125432999999999,45.018130999999997,,1,0.000000258770521,12.125432999999999,45.018130999999997,12.125433009190269,45.018131258607269
true,206,0,12.106847000000000,45.020663999999996,,1,0.000000202425926,12.106847000000000,45.020663999999996,12.106847017814044,45.020664201640557
true,207,0,12.064648000000000,44.977848000000002,,1,0.000074329525895,12.064648000000000,44.977848000000002,12.064654624815647,44.977773966289853
true,208,0,12.116014000000000,45.018970000000003,,1,0.000000364376071,12.116014000000000,45.018970000000003,12.116014086526231,45.018970353953577
true,209,0,12.085248000000000,45.018593000000003,,1,0.000000541073134,12.085248000000000,45.018593000000003,12.085247869409098,45.018593525077286
true,210,0,12.074862000000000,45.015296999999997,,1,0.000000132853872,12.074862000000000,45.015296999999997,12.074861946900011,45.015297121780712
true,211,0,12.077709000000000,44.997356000000003,,1,0.000055041315408,12.077709000000000,44.997356000000003,12.077674549278866,44.997313073385705
true,212,0,12.076121000000001,45.015846000000003,,1,0.000000097266127,12.076121000000001,45.015846000000003,12.076120961123976,45.015846089159155
true,214,0,12.091989999999999,45.020038999999997,,1,0.000000000000000,12.091989999999999,45.020038999999997,12.091989999999999,45.020038999999997
true,220,0,12.111048000000000,45.020541999999999,,1,0.000000061688321,12.111048000000000,45.020541999999999,12.111048017254618,45.020542059226067
true,221,0,12.073741999999999,45.000469000000002,,1,0.000000107446987,12.073741999999999,45.000469000000002,12.073742067251777,45.000469083797697
true,226,0,12.075532000000001,44.979244000000001,,1,0.000031296410143,12.075532000000001,44.979244000000001,12.075543813913248,44.979215019027947
true,228,0,12.083157000000000,44.991836999999997,,1,0.000000595754509,12.083157000000000,44.991836999999997,12.083156516769961,44.991836651557513
true,233,0,12.059502000000000,44.977286999999997,,1,0.000072042246811,12.059502000000000,44.977286999999997,12.059511226571798,44.977215551027307
true,234,0,12.083653000000000,44.990738000000000,,1,0.000000377052326,12.083653000000000,44.990738000000000,12.083653343551717,44.990738155372696
true,236,0,12.134767999999999,45.019730000000003,,1,0.000000362921358,12.134767999999999,45.019730000000003,12.134768020431785,45.019729637654237
true,237,0,12.113811000000000,45.019736999999999,,1,0.000000075457352,12.113811000000000,45.019736999999999,12.113811024803512,45.019737071264281
true,240,0,12.078011999999999,45.016533000000003,,1,0.000088445695770,12.078011999999999,45.016533000000003,12.078038511500180,45.016448621202557
true,243,0,12.081037999999999,45.017391000000003,,1,0.000000046924133,12.081037999999999,45.017391000000003,12.081037985934541,45.017391044766477
true,247,0,12.097170000000000,45.019413000000000,,1,0.000000014575530,12.097170000000000,45.019413000000000,12.097169999443357,45.019412985435103
true,251,0,12.069065999999999,45.006614999999996,,1,0.000000139578912,12.069065999999999,45.006614999999996,12.069066133315347,45.006614958656421
true,252,0,12.130684000000000,45.018318000000001,,1,0.000000196768537,12.130684000000000,45.018318000000001,12.130683959373169,45.018318192528746
true,253,0,12.084250000000001,44.985695000000000,,1,0.000000443525781,12.084250000000001,44.985695000000000,12.084250382093167,44.985694774789138
true,254,0,12.057200999999999,44.976917000000000,,1,0.000000360809874,12.057200999999999,44.976917000000000,12.057201092330102,44.976917348796384
true,259,0,12.072856000000000,45.013981000000001,,1,0.000000081257039,12.072856000000000,45.013981000000001,12.072856044580021,45.013980932063795
true,261,0,12.084047000000000,44.989071000000003,,1,0.000000286132211,12.084047000000000,44.989071000000003,12.084047278465270,44.989071065793127
true,262,0,12.108703999999999,45.020499999999998,,1,0.000000186951064,12.108703999999999,45.020499999999998,12.108703996654105,45.020500186921119
true,263,0,12.082039999999999,44.982444999999998,,1,0.000011244286099,12.082039999999999,44.982444999999998,12.082033673058946,44.982454295363723
true,264,0,12.079427000000001,44.995907000000003,,1,0.000000279526340,12.079427000000001,44.995907000000003,12.079426815473836,44.995906790035555
true,267,0,12.133141999999999,45.018836999999998,,1,0.000000116610033,12.133141999999999,45.018836999999998,12.133142024076493,45.018836885902573
true,268,0,12.069948999999999,45.010348999999998,,1,0.000000105487723,12.069948999999999,45.010348999999998,12.069949104164531,45.010348983344365
true,269,0,12.082986999999999,44.983550999999999,,1,0.000000161686566,12.082986999999999,44.983550999999999,12.082986860708589,44.983551082100234
true,270,0,12.080831999999999,44.981636000000002,,1,0.000000305793577,12.080831999999999,44.981636000000002,12.080831827935903,44.981636252791731
true,603,0,12.364407999999999,44.957526999999999,,1,0.000000204944625,12.364407999999999,44.957526999999999,12.364407979622497,44.957527203929047
true,604,0,12.394292000000000,44.959865999999998,,1,0.000000426462132,12.394292000000000,44.959865999999998,12.394292011970901,44.959865573705912
true,605,0,12.176742000000001,45.026420999999999,,1,0.000000536590110,12.176742000000001,45.026420999999999,12.176741783367280,45.026420509083295
true,607,0,12.172394000000001,45.027175999999997,,1,0.000000132756098,12.172394000000001,45.027175999999997,12.172393977277626,45.027175869202921
true,608,0,12.368881999999999,44.957951000000001,,1,0.000023152764096,12.368881999999999,44.957951000000001,12.368879697936595,44.957974038033541
true,609,0,12.334130999999999,44.955032000000003,,1,0.000000331039860,12.334130999999999,44.955032000000003,12.334130975203857,44.955032330109894
true,610,0,12.282415000000000,44.955750000000002,,1,0.000000397309227,12.282415000000000,44.955750000000002,12.282414916673819,44.955749611526883
true,612,0,12.239480000000000,45.005642000000002,,1,0.000000046232306,12.239480000000000,45.005642000000002,12.239479980758032,45.005641957962247
true,613,0,12.420980999999999,44.955975000000002,,1,0.000000281170043,12.420980999999999,44.955975000000002,12.420980917477753,44.955974731212592
true,614,0,12.384358000000001,44.959454000000001,,1,0.000000448589843,12.384358000000001,44.959454000000001,12.384358032487429,44.959453552588094
true,615,0,12.140416000000000,45.021388999999999,,1,0.000017483477728,12.140416000000000,45.021388999999999,12.140422013482349,45.021372583239554
true,616,0,12.184155000000001,45.022914999999998,,1,0.000000108442374,12.184155000000001,45.022914999999998,12.184155048730791,45.022915096876510
true,617,0,12.228244000000000,45.008808000000002,,1,0.000000112502252,12.228244000000000,45.008808000000002,12.228244017118557,45.008808111192231
true,618,0,12.302203000000000,44.953803999999998,,1,0.000000026256805,12.302203000000000,44.953803999999998,12.302203000914458,44.953804026240874
true,619,0,12.143091000000000,45.022350000000003,,1,0.000000222295548,12.143091000000000,45.022350000000003,12.143090923540935,45.022350208732661
true,620,0,12.164274000000001,45.028027000000002,,1,0.000000426225151,12.164274000000001,45.028027000000002,12.164274012405247,45.028026573955415
true,621,0,12.379524999999999,44.959102999999999,,1,0.000000387251798,12.379524999999999,44.959102999999999,12.379525041756631,44.959102615006053
true,622,0,12.232307000000000,45.008183000000002,,1,0.000000399097506,12.232307000000000,45.008183000000002,12.232306939272561,45.008182605549749
true,624,0,12.197566999999999,45.015872999999999,,1,0.000000041033216,12.197566999999999,45.015872999999999,12.197566986200759,45.015872961356685
true,625,0,12.253422000000000,44.977535000000003,,1,0.000000047784474,12.253422000000000,44.977535000000003,12.253421959969115,44.977534973906245
true,627,0,12.258440000000000,44.969878999999999,,1,0.000000116867710,12.258440000000000,44.969878999999999,12.258440085520638,44.969879079651001
true,628,0,12.352394000000000,44.956263999999997,,1,0.000000500392897,12.352394000000000,44.956263999999997,12.352394001985704,44.956264500388954
true,629,0,12.222623000000000,45.010978999999999,,1,0.000000326955658,12.222623000000000,45.010978999999999,12.222622870000000,45.010978699999995
true,630,0,12.277258000000000,44.956856000000002,,1,0.000000241662958,12.277258000000000,44.956856000000002,12.277257949316930,44.956855763711594
true,632,0,12.294682999999999,44.954211999999998,,1,0.000000235684685,12.294682999999999,44.954211999999998,12.294683023909119,44.954212234468820
true,633,0,12.250235999999999,44.984496999999998,,1,0.000016515724765,12.250235999999999,44.984496999999998,12.250220393097457,44.984491596875202
true,634,0,12.343807000000000,44.955607999999998,,1,0.000000356272455,12.343807000000000,44.955607999999998,12.343806978828255,44.955608355642823
true,637,0,12.329103000000000,44.954655000000002,,1,0.000000338267851,12.329103000000000,44.954655000000002,12.329103020765698,44.954654662370139
true,638,0,12.243955000000000,44.996983000000000,,1,0.000000363400434,12.243955000000000,44.996983000000000,12.243954637162606,44.996982979778693
true,639,0,12.338994000000000,44.955295999999997,,1,0.000025788924250,12.338994000000000,44.955295999999997,12.338992467474769,44.955321743348271
true,640,0,12.251011000000000,44.982208000000000,,1,0.000000013786919,12.251011000000000,44.982208000000000,12.251011012323010,44.982208006182439
true,642,0,12.323956000000001,44.954338000000000,,1,0.000000098106612,12.323956000000001,44.954338000000000,12.323955993977400,44.954338097921578
true,643,0,12.320105999999999,44.954483000000003,,1,0.000129371116241,12.320105999999999,44.954483000000003,12.320105477153882,44.954353629940293
true,644,0,12.298010000000000,44.953957000000003,,1,0.000006849471666,12.298010000000000,44.953957000000003,12.298009761450439,44.953950154683632
true,646,0,12.201012000000000,45.015059999999998,,1,0.000000351931481,12.201012000000000,45.015059999999998,12.201012063354838,45.015060346181933
true,647,0,12.242226000000000,45.003467999999998,,1,0.000000562227713,12.242226000000000,45.003467999999998,12.242225650000000,45.003467559999997
true,648,0,12.425022000000000,44.954926000000000,,1,0.000000412572579,12.425022000000000,44.954926000000000,12.425021896326005,44.954925600665760
true,649,0,12.224610999999999,45.009250999999999,,1,0.000000088055132,12.224610999999999,45.009250999999999,12.224610942238984,45.009250933536691
true,650,0,12.268641000000001,44.961174000000000,,1,0.000000216790575,12.268641000000001,44.961174000000000,12.268641095858923,44.961174194445931
true,653,0,12.306407000000000,44.953682000000001,,1,0.000000048033979,12.306407000000000,44.953682000000001,12.306407002992369,44.953681952059320
true,654,0,12.168270000000000,45.027797999999997,,1,0.000000293218715,12.168270000000000,45.027797999999997,12.168269983232252,45.027797707261101
true,657,0,12.399182000000000,44.960003000000000,,1,0.000000108943082,12.399182000000000,44.960003000000000,12.399182003058060,44.960002891099847
true,659,0,12.289895000000000,44.954700000000003,,1,0.000000473814306,12.289895000000000,44.954700000000003,12.289895059999999,44.954700469999999
true,660,0,12.243752000000001,45.000610000000002,,1,0.000000498731950,12.243752000000001,45.000610000000002,12.243752497959232,45.000610027751797
true,662,0,12.235970999999999,45.007247999999997,,1,0.000000033705746,12.235970999999999,45.007247999999997,12.235971008330834,45.007248032659987
true,663,0,12.256143000000000,44.973457000000003,,1,0.000043961528083,12.256143000000000,44.973457000000003,12.256106253829648,44.973432868383483
true,664,0,12.206535000000001,45.014049999999997,,1,0.000000401114625,12.206535000000001,45.014049999999997,12.206534927791195,45.014049605438430
true,665,0,12.254707000000000,44.975563000000001,,1,0.000000312134631,12.254707000000000,44.975563000000001,12.254707261487150,44.975563170447934
true,666,0,12.160081999999999,45.027904999999997,,1,0.000000485717730,12.160081999999999,45.027904999999997,12.160082014136773,45.027904514488029
true,667,0,12.245110000000000,44.994945999999999,,1,0.000041146553600,12.245110000000000,44.994945999999999,12.245073860009086,44.994926329211253
true,668,0,12.403328000000000,44.960315999999999,,1,0.000000303722819,12.403328000000000,44.960315999999999,12.403327976666935,44.960315697174771
true,669,0,12.416368000000000,44.957324999999997,,1,0.000063068815812,12.416368000000000,44.957324999999997,12.416386510436945,44.957385291286698
true,670,0,12.252419000000000,44.979401000000003,,1,0.000000254176533,12.252419000000000,44.979401000000003,12.252419227187801,44.979401113979883
true,672,0,12.347588999999999,44.956283999999997,,1,0.000000431822027,12.347588999999999,44.956283999999997,12.347588998286405,44.956283568181370
true,674,0,12.314259000000000,44.954124000000000,,1,0.000047966130031,12.314259000000000,44.954124000000000,12.314256011856410,44.954171872963435
true,675,0,12.246331000000000,44.992645000000003,,1,0.000013548713896,12.246331000000000,44.992645000000003,12.246319099844232,44.992638522813813
true,676,0,12.374962000000000,44.958637000000003,,1,0.000029123934855,12.374962000000000,44.958637000000003,12.374965140379031,44.958608045870747
true,677,0,12.389317999999999,44.959698000000003,,1,0.000000302767414,12.389317999999999,44.959698000000003,12.389318014884548,44.959697697598685
true,679,0,12.187371000000001,45.021217000000000,,1,0.000000426228773,12.187371000000001,45.021217000000000,12.187371198975063,45.021217376934864
true,681,0,12.309675000000000,44.953952999999998,,1,0.000066935227820,12.309675000000000,44.953952999999998,12.309679169860521,44.953886194783237
true,682,0,12.411861000000000,44.958775000000003,,1,0.000000305519278,12.411861000000000,44.958775000000003,12.411860920284306,44.958774705063675
true,683,0,12.407289000000000,44.960011000000002,,1,0.000000571132983,12.407289000000000,44.960011000000002,12.407288850980724,44.960010448650621
true,684,0,12.180364000000001,45.024822000000000,,1,0.000000061616997,12.180364000000001,45.024822000000000,12.180364027688855,45.024822055045270
true,685,0,12.257372999999999,44.971359000000000,,1,0.000079563339380,12.257372999999999,44.971359000000000,12.257439504695128,44.971402674368903
true,686,0,12.356007000000000,44.956242000000003,,1,0.000000310799317,12.356007000000000,44.956242000000003,12.356007058981225,44.956241694848515
true,688,0,12.371928000000000,44.958278999999997,,1,0.000000360189628,12.371928000000000,44.958278999999997,12.371928035813408,44.958278641595243
true,689,0,12.274813000000000,44.957698999999998,,1,0.000063453122444,12.274813000000000,44.957698999999998,12.274835154017964,44.957758460055800
true,690,0,12.273111000000000,44.958401000000002,,1,0.000000061917488,12.273111000000000,44.958401000000002,12.273110968803230,44.958400946516015
true,691,0,12.280106999999999,44.956192000000001,,1,0.000051480934142,12.280106999999999,44.956192000000001,12.280117796904168,44.956242336005410
true,692,0,12.190296999999999,45.019592000000003,,1,0.000000315389503,12.190296999999999,45.019592000000003,12.190297163446816,45.019592269732605
true,693,0,12.192698999999999,45.018230000000003,,1,0.000079660154236,12.192698999999999,45.018230000000003,12.192657717083343,45.018161871731529
true,694,0,12.219530000000001,45.011386999999999,,1,0.000000108180565,12.219530000000001,45.011386999999999,12.219529980611551,45.011386893571043
true,695,0,12.156098999999999,45.027194999999999,,1,0.000000099631061,12.156098999999999,45.027194999999999,12.156099024991985,45.027194903554424
true,696,0,12.359756000000001,44.956966000000001,,1,0.000000303538050,12.359756000000001,44.956966000000001,12.359755942396767,44.956966298022174
true,698,0,12.285038999999999,44.955399000000000,,1,0.000017287810442,12.285038999999999,44.955399000000000,12.285036598848080,44.955381879752942
true,699,0,12.145820000000001,45.023502000000001,,1,0.000000478536353,12.145820000000001,45.023502000000001,12.145819740113051,45.023502401815648
true,700,0,12.248386000000000,44.989078999999997,,1,0.000142586922568,12.248386000000000,44.989078999999997,12.248259867337405,44.989012505023389
true,701,0,12.249412000000000,44.986828000000003,,1,0.000000445982062,12.249412000000000,44.986828000000003,12.249411580000002,44.986827849999997
true,703,0,12.211698999999999,45.012813999999999,,1,0.000000507272460,12.211698999999999,45.012813999999999,12.211698909085088,45.012813500941057
true,704,0,12.215858000000001,45.012020000000000,,1,0.000035248046018,12.215858000000001,45.012020000000000,12.215864317261815,45.012054677326184
true,705,0,12.271228000000001,44.959499000000001,,1,0.000000230350956,12.271228000000001,44.959499000000001,12.271228116061000,44.959499198975898
true,706,0,12.194811000000000,45.016857000000002,,1,0.000000097545270,12.194811000000000,45.016857000000002,12.194811032803928,45.016857091863933
true,707,0,12.247248000000001,44.990932000000001,,1,0.000000050860977,12.247248000000001,44.990932000000001,12.247247955008284,44.990931976281139
true,708,0,12.151949000000000,45.026192000000002,,1,0.000070176454684,12.151949000000000,45.026192000000002,12.151966603435380,45.026124067284357
true,709,0,12.148474000000000,45.025219000000000,,1,0.000000026498683,12.148474000000000,45.025219000000000,12.148473993352928,45.025219025651445
true,822,0,12.265786000000000,44.962581999999998,,1,0.000000216835236,12.265786000000000,44.962581999999998,12.265785881436514,44.962581818450502
true,823,0,12.263494000000000,44.964001000000003,,1,0.000064942191674,12.263494000000000,44.964001000000003,12.263529509784856,44.964055374106330
true,825,0,12.262141000000000,44.964962000000000,,1,0.000000200766858,12.262141000000000,44.964962000000000,12.262141170650921,44.964962105761970
true,1864,0,12.433121999999999,44.949393999999998,,1,0.000000162299374,12.433121999999999,44.949393999999998,12.433121859405942,44.949393918917337
true,1868,0,12.432577999999999,44.950546000000003,,1,0.000000192344790,12.432577999999999,44.950546000000003,12.432578173952239,44.950546082080066
true,1869,0,12.431214000000001,44.951649000000003,,1,0.000033655235753,12.431214000000001,44.951649000000003,12.431235656429802,44.951674761869931
true,1873,0,12.317347000000000,44.954365000000003,,1,0.000000221736029,12.317347000000000,44.954365000000003,12.317346999103867,44.954364778265784
true,1874,0,12.322298000000000,44.954399000000002,,1,0.000054230647396,12.322298000000000,44.954399000000002,12.322297780829878,44.954344769795490
true,1877,0,12.428133000000001,44.954239000000001,,1,0.000000105259147,12.428133000000001,44.954239000000001,12.428132977312728,44.954238897214907
true,1882,0,12.429705999999999,44.952961000000002,,1,0.000000267485857,12.429705999999999,44.952961000000002,12.429705827878530,44.952960795249219
true,1887,0,12.260840999999999,44.966583000000000,,1,0.000251268307308,12.260840999999999,44.966583000000000,12.261054576923904,44.966715365629341
true,1890,0,12.260394000000000,44.967781000000002,,1,0.000000120885690,12.260394000000000,44.967781000000002,12.260394088460888,44.967781082389450
true,1993,0,12.432271000000000,44.931739999999998,,1,0.000000060700802,12.432271000000000,44.931739999999998,12.432271057519699,44.931739980607432
true,1994,0,12.432957000000000,44.933475000000001,,1,0.000095694403844,12.432957000000000,44.933475000000001,12.432866320583795,44.933505572248912
true,1995,0,12.433452000000001,44.935242000000002,,1,0.000000247356612,12.433452000000001,44.935242000000002,12.433451763384616,44.935242072100301
true,1996,0,12.434040000000000,44.936993000000001,,1,0.000052326890213,12.434040000000000,44.936993000000001,12.433989945355728,44.937008252410507
true,1997,0,12.434525000000001,44.938763000000002,,1,0.000000423723500,12.434525000000001,44.938763000000002,12.434524578397214,44.938763042340227
true,1998,0,12.434704000000000,44.940548000000000,,1,0.000000172438511,12.434704000000000,44.940548000000000,12.434703827723210,44.940547992533574
true,1999,0,12.434626000000000,44.942352000000000,,1,0.000000357096270,12.434626000000000,44.942352000000000,12.434625643238631,44.942351984538064
true,2002,0,12.434340000000001,44.947280999999997,,1,0.000000355856140,12.434340000000001,44.947280999999997,12.434340308265263,44.947281177781107
true,2004,0,12.462025000000001,44.906387000000002,,1,0.000000166319934,12.462025000000001,44.906387000000002,12.462025070916148,44.906387150443415
true,2005,0,12.460864000000001,44.906700000000001,,1,0.000085913517747,12.460864000000001,44.906700000000001,12.460892218862094,44.906781146955296
true,2006,0,12.436052000000000,44.916992000000000,,1,0.000000370317542,12.436052000000000,44.916992000000000,12.436052298077822,44.916992219737786
true,2007,0,12.454872999999999,44.908157000000003,,1,0.000013608489250,12.454872999999999,44.908157000000003,12.454875445987769,44.908170386863851
true,2008,0,12.453652000000000,44.908394000000001,,1,0.000000058585187,12.453652000000000,44.908394000000001,12.453651987912552,44.908393942675325
true,2009,0,12.432631000000001,44.929881999999999,,1,0.000246833452467,12.432631000000001,44.929881999999999,12.432384619570453,44.929867052184363
true,2010,0,12.432437000000000,44.929004999999997,,1,0.000000079874120,12.432437000000000,44.929004999999997,12.432436920272476,44.929004995162956
true,2011,0,12.465666000000001,44.896659999999997,,1,0.000081419914598,12.465666000000001,44.896659999999997,12.465592363579036,44.896694740178475
true,2012,0,12.465301999999999,44.896026999999997,,1,0.000022305086524,12.465301999999999,44.896026999999997,12.465281827211204,44.896036517114950
true,2013,0,12.432271999999999,44.928111999999999,,1,0.000100053799730,12.432271999999999,44.928111999999999,12.432371792637033,44.928104775566879
true,2016,0,12.452420999999999,44.908566000000000,,1,0.000085625255450,12.452420999999999,44.908566000000000,12.452438666423445,44.908649782944885
true,2017,0,12.457326999999999,44.907722000000000,,1,0.000000434218485,12.457326999999999,44.907722000000000,12.457327095661618,44.907722423549934
true,2018,0,12.456099999999999,44.907950999999997,,1,0.000004287181295,12.456099999999999,44.907950999999997,12.456099229422691,44.907946782638966
true,2019,0,12.437419999999999,44.915596000000001,,1,0.000000053589738,12.437419999999999,44.915596000000001,12.437419969863706,44.915595955686754
true,2020,0,12.438568000000000,44.914836999999999,,1,0.000018018085389,12.438568000000000,44.914836999999999,12.438557867494213,44.914822100881651
true,2021,0,12.434441000000000,44.946213000000000,,1,0.000058148786328,12.434441000000000,44.946213000000000,12.434498512301561,44.946221580007027
true,2023,0,12.463125000000000,44.905884000000000,,1,0.000013871243614,12.463125000000000,44.905884000000000,12.463119085524534,44.905871452873662
true,2025,0,12.434991999999999,44.943832000000000,,1,0.000000251387990,12.434991999999999,44.943832000000000,12.434991755970451,44.943832060377986
true,2026,0,12.434654999999999,44.945171000000002,,1,0.000000272046547,12.434654999999999,44.945171000000002,12.434655263835124,44.945171066335142
true,2027,0,12.464838000000000,44.895096000000002,,1,0.000000099667544,12.464838000000000,44.895096000000002,12.464838090139631,44.895095957473941
true,2028,0,12.464458000000000,44.894278999999997,,1,0.000034551103744,12.464458000000000,44.894278999999997,12.464489862529833,44.894265637441762
true,2029,0,12.439507000000001,44.914177000000002,,1,0.000000290157517,12.439507000000001,44.914177000000002,12.439506852789515,44.914176749959090
true,2030,0,12.463262000000000,44.890118000000001,,1,0.000046513285170,12.463262000000000,44.890118000000001,12.463215512638492,44.890119552712861
true,2031,0,12.463243000000000,44.890957000000000,,1,0.000000494772675,12.463243000000000,44.890957000000000,12.463243479999999,44.890956879999997
true,2032,0,12.459776000000000,44.907169000000003,,1,0.000000294859955,12.459776000000000,44.907169000000003,12.459776096848698,44.907169278500859
true,2033,0,12.458532000000000,44.907387000000000,,1,0.000061732799416,12.458532000000000,44.907387000000000,12.458545600203028,44.907447216052688
true,2034,0,12.440524999999999,44.913609000000001,,1,0.000027299748153,12.440524999999999,44.913609000000001,12.440511149560381,44.913585474661083
true,2035,0,12.432290999999999,44.927238000000003,,1,0.000017995800215,12.432290999999999,44.927238000000003,12.432308948827169,44.927236700604531
true,2037,0,12.464117999999999,44.893574000000001,,1,0.000075437108390,12.464117999999999,44.893574000000001,12.464187567013962,44.893544824875477
true,2039,0,12.465605000000000,44.904186000000003,,1,0.000000053486196,12.465605000000000,44.904186000000003,12.465604954693349,44.904185971573241
true,2040,0,12.464574000000001,44.905186000000000,,1,0.000000331056441,12.464574000000001,44.905186000000000,12.464573858842853,44.905185700545459
true,2041,0,12.441489000000001,44.913010000000000,,1,0.000000198610817,12.441489000000001,44.913010000000000,12.441488899235440,44.913009828848722
true,2042,0,12.442557000000001,44.912528999999999,,1,0.000069813228558,12.442557000000001,44.912528999999999,12.442524599723940,44.912467160619400
true,2043,0,12.432243000000000,44.926330999999998,,1,0.000000380134781,12.432243000000000,44.926330999999998,12.432243379142545,44.926330972552179
true,2044,0,12.432409000000000,44.925434000000003,,1,0.000075504551281,12.432409000000000,44.925434000000003,12.432481856846302,44.925453819616827
true,2047,0,12.463552000000000,44.891852999999998,,1,0.000007694711570,12.463552000000000,44.891852999999998,12.463544704312934,44.891855445717965
true,2048,0,12.432961000000001,44.923690999999998,,1,0.000000391370130,12.432961000000001,44.923690999999998,12.432961377646022,44.923691102732960
true,2049,0,12.433323000000000,44.922694999999997,,1,0.000021349573597,12.433323000000000,44.922694999999997,12.433342916964271,44.922702688876832
true,2050,0,12.444597999999999,44.911468999999997,,1,0.000015404792465,12.444597999999999,44.911468999999997,12.444591587416566,44.911454993344272
true,2051,0,12.443521000000000,44.911945000000003,,1,0.000000121819259,12.443521000000000,44.911945000000003,12.443521050709943,44.911945110762971
true,2053,0,12.432627999999999,44.924553000000003,,1,0.000095442860356,12.432627999999999,44.924553000000003,12.432720095982159,44.924578053336376
true,2055,0,12.445653000000000,44.910961000000000,,1,0.000007322263936,12.445653000000000,44.910961000000000,12.445656048053294,44.910967657696318
true,2056,0,12.446719999999999,44.910480000000000,,1,0.000000508842039,12.446719999999999,44.910480000000000,12.446720188744630,44.910480472541728
true,2058,0,12.463184000000000,44.889187000000000,,1,0.000000364472857,12.463184000000000,44.889187000000000,12.463184364269722,44.889186987833114
true,2059,0,12.466416000000001,44.898440999999998,,1,0.000000193314575,12.466416000000001,44.898440999999998,12.466416174834295,44.898440917516702
true,2060,0,12.433802999999999,44.921398000000003,,1,0.000040662859033,12.433802999999999,44.921398000000003,12.433840934280367,44.921412644400910
true,2062,0,12.447782999999999,44.909987999999998,,1,0.000063111740193,12.447782999999999,44.909987999999998,12.447806410019734,44.910046609408170
true,2063,0,12.435174999999999,44.918182000000002,,1,0.000000171253867,12.435174999999999,44.918182000000002,12.435175137846503,44.918182101618051
true,2064,0,12.466220000000000,44.903205999999997,,1,0.000000153799376,12.466220000000000,44.903205999999997,12.466219869720881,44.903205918258941
true,2065,0,12.448888999999999,44.909550000000003,,1,0.000059616969724,12.448888999999999,44.909550000000003,12.448911113705522,44.909605363951336
true,2067,0,12.466804000000000,44.899478999999999,,1,0.000170511028488,12.466804000000000,44.899478999999999,12.466636989023364,44.899513370692738
true,2068,0,12.466843000000001,44.900512999999997,,1,0.000000445131488,12.466843000000001,44.900512999999997,12.466842598348055,44.900512808120467
true,2069,0,12.434227999999999,44.920409999999997,,1,0.000000007374933,12.434227999999999,44.920409999999997,12.434228006787171,44.920410002885120
true,2070,0,12.434669000000000,44.919280999999998,,1,0.000035826394649,12.434669000000000,44.919280999999998,12.434701971130346,44.919295015531283
true,2072,0,12.450034000000000,44.909157000000000,,1,0.000000133802033,12.450034000000000,44.909157000000000,12.450033950368852,44.909156875743278
true,2073,0,12.466566000000000,44.902358999999997,,1,0.000000087091898,12.466566000000000,44.902358999999997,12.466566080616071,44.902359032955239
true,2074,0,12.466725000000000,44.901459000000003,,1,0.000060358252699,12.466725000000000,44.901459000000003,12.466664997806284,44.901452453595034
true,2075,0,12.451241000000000,44.908909000000001,,1,0.000006534124250,12.451241000000000,44.908909000000001,12.451239651862640,44.908902606463784
true,2083,0,12.466036000000001,44.897433999999997,,1,0.000085799403515,12.466036000000001,44.897433999999997,12.465958402755803,44.897470608815006
true,2084,0,12.463806000000000,44.892634999999999,,1,0.000000030976050,12.463806000000000,44.892634999999999,12.463806029369726,44.892634990154448
true,2188,0,12.138665000000000,45.020729000000003,,1,0.000000036815388,12.138665000000000,45.020729000000003,12.138665016630402,45.020728967154874
true,6250,0,12.462923000000000,44.886543000000003,,1,0.000000090977596,12.462923000000000,44.886543000000003,12.462923089892632,44.886543014008488
true,6255,0,12.474871000000000,44.874878000000002,,1,0.000032130630673,12.474871000000000,44.874878000000002,12.474854973946574,44.874850151426635
true,6256,0,12.475873999999999,44.874263999999997,,1,0.000000232954038,12.475873999999999,44.874263999999997,12.475873883807637,44.874263798091803
true,6258,0,12.476825000000000,44.873821000000000,,1,0.000000104137516,12.476825000000000,44.873821000000000,12.476825052343097,44.873821090026787
true,6261,0,12.477861000000001,44.873218999999999,,1,0.000000196615830,12.477861000000001,44.873218999999999,12.477860901174125,44.873218830025792
true,6262,0,12.473523000000000,44.875774000000000,,1,0.000000387426026,12.473523000000000,44.875774000000000,12.473523233973941,44.875774308796245
true,6264,0,12.472740000000000,44.876438000000000,,1,0.000000213198181,12.472740000000000,44.876438000000000,12.472740125353200,44.876438172453007
true,6267,0,12.466445999999999,44.880932000000001,,1,0.000004281642722,12.466445999999999,44.880932000000001,12.466448396149600,44.880935548370267
true,6268,0,12.470219000000000,44.878512999999998,,1,0.000025699789152,12.470219000000000,44.878512999999998,12.470204539754029,44.878491754283985
true,6270,0,12.471874000000000,44.877068000000001,,1,0.000000153982638,12.471874000000000,44.877068000000001,12.471873895751319,44.877067886673643
true,6275,0,12.468296000000000,44.879725999999998,,1,0.000008450441574,12.468296000000000,44.879725999999998,12.468300472257575,44.879733169998254
true,6276,0,12.463857000000001,44.883366000000002,,1,0.000000440122712,12.463857000000001,44.883366000000002,12.463856613130588,44.883365790142769
true,6278,0,12.479369999999999,44.872433000000001,,1,0.000000214290429,12.479369999999999,44.872433000000001,12.479369911275366,44.872432804940203
true,6281,0,12.471076000000000,44.877791999999999,,1,0.000007263485662,12.471076000000000,44.877791999999999,12.471080917494760,44.877797345696330
true,6283,0,12.465414000000001,44.881270999999998,,1,0.000000363455638,12.465414000000001,44.881270999999998,12.465414050000000,44.881271360000000
true,6285,0,12.465159999999999,44.881866000000002,,1,0.000000520749076,12.465159999999999,44.881866000000002,12.465160479040239,44.881866204205899
true,6288,0,12.463289000000000,44.884605000000001,,1,0.000017095148233,12.463289000000000,44.884605000000001,12.463305550823394,44.884609279525449
true,6289,0,12.464464000000000,44.882579999999997,,1,0.000024496622272,12.464464000000000,44.882579999999997,12.464444255146612,44.882565500852870
true,6290,0,12.479818000000000,44.872101000000001,,1,0.000000065699922,12.479818000000000,44.872101000000001,12.479818039096147,44.872101052801241
true,6297,0,12.463051999999999,44.885876000000003,,1,0.000024667744953,12.463051999999999,44.885876000000003,12.463027626433144,44.885872201726734
true,6302,0,12.469742999999999,44.878833999999998,,1,0.000023240537819,12.469742999999999,44.878833999999998,12.469729923476635,44.878814787318383
true,6309,0,12.463101000000000,44.885399000000000,,1,0.000000363792184,12.463101000000000,44.885399000000000,12.463101359453738,44.885399056015743
true,6311,0,12.478354000000000,44.872940000000000,,1,0.000003883326609,12.478354000000000,44.872940000000000,12.478355888169663,44.872943393381917
true,6315,0,12.466904000000000,44.880629999999996,,1,0.000001750784742,12.466904000000000,44.880629999999996,12.466903020202658,44.880628549053966
true,6320,0,12.467363000000001,44.880318000000003,,1,0.000000055441556,12.467363000000001,44.880318000000003,12.467362968973061,44.880317954053346
true,6322,0,12.469258999999999,44.879134999999998,,1,0.000000247902638,12.469258999999999,44.879134999999998,12.469259131198404,44.879135210339477
true,6323,0,12.468776999999999,44.879429000000002,,1,0.000005886503148,12.468776999999999,44.879429000000002,12.468780115335221,44.879433994557616
true,6325,0,12.474004000000001,44.875453999999998,,1,0.000035042991952,12.474004000000001,44.875453999999998,12.473982836871263,44.875426069134150
true,6328,0,12.463106000000000,44.884990999999999,,1,0.000097638694305,12.463106000000000,44.884990999999999,12.463200529790791,44.885015442448299
true,6329,0,12.475382000000000,44.874557000000003,,1,0.000008785967416,12.475382000000000,44.874557000000003,12.475377617752272,44.874549384940693
true,6331,0,12.476272000000000,44.873970000000000,,1,0.000098378315594,12.476272000000000,44.873970000000000,12.476313509426786,44.874059192266856
true,6333,0,12.472198000000001,44.876719999999999,,1,0.000090784732046,12.472198000000001,44.876719999999999,12.472251378300893,44.876793434491667
true,6334,0,12.474389000000000,44.875118000000001,,1,0.000000265251978,12.474389000000000,44.875118000000001,12.474389132301866,44.875118229901773
true,6337,0,12.470672000000000,44.878174000000001,,1,0.000000362070176,12.470672000000000,44.878174000000001,12.470671754872759,44.878173733527774
true,6338,0,12.467822000000000,44.880015999999998,,1,0.000013249077976,12.467822000000000,44.880015999999998,12.467829011857171,44.880027241526861
true,6341,0,12.464705000000000,44.882210000000001,,1,0.000000248616673,12.464705000000000,44.882210000000001,12.464705200390881,44.882210147152115
true,6353,0,12.473063000000000,44.876026000000003,,1,0.000105617028207,12.473063000000000,44.876026000000003,12.473131297239407,44.876106563290257
true,6356,0,12.464143000000000,44.882961000000002,,1,0.000008729300546,12.464143000000000,44.882961000000002,12.464150036021437,44.882966166729176
true,6357,0,12.463418000000001,44.884174000000002,,1,0.000000175675381,12.463418000000001,44.884174000000002,12.463418154419280,44.884174083764705
true,6359,0,12.471469000000001,44.877422000000003,,1,0.000013504594129,12.471469000000001,44.877422000000003,12.471478142823976,44.877431938955297
true,6360,0,12.477356000000000,44.873493000000003,,1,0.000016760989611,12.477356000000000,44.873493000000003,12.477364424649489,44.873507489860373
true,6370,0,12.478842000000000,44.872672999999999,,1,0.000000063780843,12.478842000000000,44.872672999999999,12.478841973592232,44.872672941942909
true,6371,0,12.466036000000001,44.881214000000000,,1,0.000000026482335,12.466036000000001,44.881214000000000,12.466036014820395,44.881214021946981
true,6383,0,12.463606000000000,44.883758999999998,,1,0.000032801355302,12.463606000000000,44.883758999999998,12.463634832506761,44.883774640187447
true,9117,0,12.462997000000000,44.887383000000000,,1,0.000051816987896,12.462997000000000,44.887383000000000,12.463048240199727,44.887375290125391
true,22385,0,12.463168000000000,44.888171999999997,,1,0.000000116123052,12.463168000000000,44.888171999999997,12.463168114830456,44.888171982721992
true,23988,0,12.480168000000001,44.871848999999997,,1,0.000000247251372,12.480168000000001,44.871848999999997,12.480168144383265,44.871849200715502
true,25914,0,12.082383999999999,44.992908000000000,,1,0.000000000000000,12.082383999999999,44.992908000000000,12.082383999999999,44.992908000000000
true,38722,12,12.034727000000000,44.973782000000000,,1,0.000000338446542,12.034727000000000,44.973782000000000,12.034726867897604,44.973781688399264
true,38723,12,12.036538000000000,44.974457000000001,,1,0.000000238689930,12.036538000000000,44.974457000000001,12.036538083383707,44.974456776348397
true,38991,11,11.837994999999999,44.973095000000001,,1,0.000000190727565,11.837994999999999,44.973095000000001,11.837994939214060,44.973094819218161
true,38992,11,11.839855000000000,44.972468999999997,,1,0.000000373345806,11.839855000000000,44.972468999999997,11.839855118987392,44.972469353877223
true,38993,11,11.841770000000000,44.971935000000002,,1,0.000000305743231,11.841770000000000,44.971935000000002,11.841770082133095,44.971935294504803
true,38994,11,11.843764000000000,44.971584000000000,,1,0.000000368887933,11.843764000000000,44.971584000000000,11.843764063938210,44.971584363304579
true,38995,11,11.845818000000000,44.971530999999999,,1,0.000000051807345,11.845818000000000,44.971530999999999,11.845818004559460,44.971530948393678
true,38996,11,11.847847000000000,44.971710000000002,,1,0.000000210950227,11.847847000000000,44.971710000000002,11.847846980000000,44.971710209999998
true,38997,11,11.849826000000000,44.972115000000002,,1,0.000014145399107,11.849826000000000,44.972115000000002,11.849823068402282,44.972128838282075
true,38998,11,11.851803000000000,44.972529999999999,,1,0.000017883832234,11.851803000000000,44.972529999999999,11.851799293621596,44.972547495548419
true,38999,11,11.853771000000000,44.972965000000002,,1,0.000000191267290,11.853771000000000,44.972965000000002,11.853770960360343,44.972965187114603
true,39000,11,11.855741999999999,44.973399999999998,,1,0.000025663588590,11.855741999999999,44.973399999999998,11.855736153253858,44.973424988704224
true,39001,11,11.857684000000001,44.973880999999999,,1,0.000000255846777,11.857684000000001,44.973880999999999,11.857684058287685,44.973880750881314
true,39006,11,11.871293000000000,44.974666999999997,,1,0.000000305799469,11.871293000000000,44.974666999999997,11.871292841505038,44.974666738480089
true,39007,11,11.873422000000000,44.974837999999998,,1,0.000000270275279,11.873422000000000,44.974837999999998,11.873421991478507,44.974838270140907
true,39008,11,11.875569000000000,44.974876000000002,,1,0.000029981820861,11.875569000000000,44.974876000000002,11.875568054704701,44.974905966915074
true,39009,11,11.877715999999999,44.974941000000001,,1,0.000032706789789,11.877715999999999,44.974941000000001,11.877714968789293,44.974973690529254
true,39010,11,11.879861999999999,44.975020999999998,,1,0.000020407687181,11.879861999999999,44.975020999999998,11.879861356567069,44.975041397541276
true,39011,11,11.882008000000001,44.975109000000003,,1,0.000000405646013,11.882008000000001,44.975109000000003,11.882007630444303,44.975109167264087
true,39019,12,11.889301000000000,44.977283000000000,,1,0.000000189217356,11.889301000000000,44.977283000000000,11.889300882298217,44.977283148153631
true,39020,12,11.891308000000000,44.977310000000003,,1,0.000005899221843,11.891308000000000,44.977310000000003,11.891307904705354,44.977315898452112
true,39021,12,11.893314999999999,44.977347999999999,,1,0.000000324787736,11.893314999999999,44.977347999999999,11.893314994753455,44.977348324745357
true,39022,12,11.895320999999999,44.977412999999999,,1,0.000030803031739,11.895320999999999,44.977412999999999,11.895319534858924,44.977443768167412
true,39023,12,11.897323999999999,44.977500999999997,,1,0.000038174995719,11.897323999999999,44.977500999999997,11.897322184212687,44.977539131787459
true,39024,12,11.899323000000001,44.977634000000002,,1,0.000000407633481,11.899323000000001,44.977634000000002,11.899322980610982,44.977634407172104
true,39025,12,11.901311000000000,44.977820999999999,,1,0.000000357697434,11.901311000000000,44.977820999999999,11.901310950567224,44.977821354265231
true,39026,12,11.903278999999999,44.978096000000001,,1,0.000000031555107,11.903278999999999,44.978096000000001,11.903279004360826,44.978095968747674
true,39057,12,11.962275000000000,44.986716999999999,,1,0.000000322484292,11.962275000000000,44.986716999999999,11.962274921857988,44.986717312873687
true,39058,12,11.964199000000001,44.987197999999999,,1,0.000000133385674,11.964199000000001,44.987197999999999,11.964199032321032,44.987197870589455
true,39059,12,11.966212000000001,44.987426999999997,,1,0.000000268963560,11.966212000000001,44.987426999999997,11.966212030382652,44.987426732757989
true,39060,12,11.968246000000001,44.987369999999999,,1,0.000000446883841,11.968246000000001,44.987369999999999,11.968245987434516,44.987369553292851
true,39061,12,11.970228000000001,44.987015000000000,,1,0.000086985020733,11.970228000000001,44.987015000000000,11.970208994120650,44.986930116724963
true,39062,12,11.972178000000000,44.986572000000002,,1,0.000080756061911,11.972178000000000,44.986572000000002,11.972160355123256,44.986493195178703
true,39063,12,11.974116000000000,44.986106999999997,,1,0.000050436718481,11.974116000000000,44.986106999999997,11.974104979778607,44.986057781941405
true,39064,12,11.976049000000000,44.985621999999999,,1,0.000000491861823,11.976049000000000,44.985621999999999,11.976049107469843,44.985622479977373
true,39065,12,11.977938999999999,44.985069000000003,,1,0.000000345441225,11.977938999999999,44.985069000000003,11.977938917907103,44.985069335544928
true,39260,1,12.053171000000001,44.977488999999998,,1,0.000000000000000,12.053171000000001,44.977488999999998,12.053171000000001,44.977488999999998
true,39464,12,12.006626000000001,44.980246999999999,,1,0.000039761358918,12.006626000000001,44.980246999999999,12.006608065419893,44.980211513150330
true,39467,12,12.003663000000000,44.981510000000000,,1,0.000000163967403,12.003663000000000,44.981510000000000,12.003663012018187,44.981510163526366
true,39474,12,12.011251000000000,44.977809999999998,,1,0.000000128687311,12.011251000000000,44.977809999999998,12.011251059610592,44.977810114048239
true,39479,12,11.997935000000000,44.982277000000003,,1,0.000068455278875,11.997935000000000,44.982277000000003,11.997946170485447,44.982344537733610
true,39489,11,11.793386000000000,44.970534999999998,,1,0.000000538516482,11.793386000000000,44.970534999999998,11.793386460000001,44.970535280000000
true,39491,1,12.044195000000000,44.976134999999999,,1,0.000000229657438,12.044195000000000,44.976134999999999,12.044194975818534,44.976135228380819
true,39494,12,11.991726999999999,44.983086000000000,,1,0.000020183627993,11.991726999999999,44.983086000000000,11.991729017958505,44.983106082496917
true,39495,12,11.905006999999999,44.977412999999999,,1,0.000000299702199,11.905006999999999,44.977412999999999,11.905007110138444,44.977413278730928
true,39496,1,12.048277000000001,44.976688000000003,,1,0.000012898411593,12.048277000000001,44.976688000000003,12.048278205221797,44.976675158019546
true,39497,11,11.829067000000000,44.974868999999998,,1,0.000010662128765,11.829067000000000,44.974868999999998,11.829064066888977,44.974858749251275
true,39503,11,11.832696000000000,44.973686000000001,,1,0.000007406363231,11.832696000000000,44.973686000000001,11.832693455311627,44.973679044514583
true,39504,12,11.989882000000000,44.983291999999999,,1,0.000000390041238,11.989882000000000,44.983291999999999,11.989882016920795,44.983291610325963
true,39505,12,11.985137000000000,44.984290999999999,,1,0.000040787214707,11.985137000000000,44.984290999999999,11.985127071811920,44.984251439565661
true,39506,12,12.009518999999999,44.978661000000002,,1,0.000048233583734,12.009518999999999,44.978661000000002,12.009541342781180,44.978703746680914
true,39510,1,12.051169000000000,44.977009000000002,,1,0.000075519156472,12.051169000000000,44.977009000000002,12.051154098236616,44.977083034319357
true,39513,11,11.794853000000000,44.971587999999997,,1,0.000000016849024,11.794853000000000,44.971587999999997,11.794853009825225,44.971587986312237
true,39514,11,11.834519000000000,44.973011000000000,,1,0.000000152779190,11.834519000000000,44.973011000000000,11.834519052492084,44.973011143478438
true,39515,12,12.015197000000001,44.975918000000000,,1,0.000000214638888,12.015197000000001,44.975918000000000,12.015196959325467,44.975917789250303
true,39519,12,11.983236000000000,44.984726000000002,,1,0.000000007418779,11.983236000000000,44.984726000000002,11.983236001354022,44.984726007294171
true,39521,11,11.827127000000001,44.975459999999998,,1,0.000045172789860,11.827127000000001,44.975459999999998,11.827114573137518,44.975416570125113
true,39522,12,11.986945000000000,44.983795000000001,,1,0.000000201398948,11.986945000000000,44.983795000000001,11.986945049023369,44.983795195341358
true,39529,11,11.797383999999999,44.973629000000003,,1,0.000001595265860,11.797383999999999,44.973629000000003,11.797384987250375,44.973627746919853
true,39530,12,11.921983000000001,44.975197000000001,,1,0.000000207810851,11.921983000000001,44.975197000000001,11.921982953066543,44.975196797558397
true,39531,11,11.836390000000000,44.972377999999999,,1,0.000000013205655,11.836390000000000,44.972377999999999,11.836390005387207,44.972377987943162
true,39532,11,11.798742000000001,44.974696999999999,,1,0.000000093065247,11.798742000000001,44.974696999999999,11.798742057594600,44.974696926897323
true,39539,1,12.041978000000000,44.975906000000002,,1,0.000005479297181,12.041978000000000,44.975906000000002,12.041978576935104,44.975900551161274
true,39547,12,11.953886000000001,44.984355999999998,,1,0.000049821396467,11.953886000000001,44.984355999999998,11.953865157647510,44.984401252269429
true,39549,12,12.017213000000000,44.975529000000002,,1,0.000000300830154,12.017213000000000,44.975529000000002,12.017212937793229,44.975528705671785
true,39550,11,11.825108999999999,44.975990000000003,,1,0.000000401052160,11.825108999999999,44.975990000000003,11.825109090964261,44.975990390599975
true,39555,12,11.907330000000000,44.977169000000004,,1,0.000000004942924,11.907330000000000,44.977169000000004,11.907330000392410,44.977169004927326
true,39560,11,11.830921999999999,44.974327000000002,,1,0.000000122290003,11.830921999999999,44.974327000000002,11.830922033641514,44.974327117571654
true,39561,11,11.823100999999999,44.976467000000000,,1,0.000008724814293,11.823100999999999,44.976467000000000,11.823099021089591,44.976458502571091
true,39566,12,11.924253000000000,44.974670000000003,,1,0.000000503296361,11.924253000000000,44.974670000000003,11.924253113667971,44.974670490292588
true,39568,12,12.019162000000000,44.975116999999997,,1,0.000000226943336,12.019162000000000,44.975116999999997,12.019161953071817,44.975116777961659
true,39571,11,11.800159000000001,44.975738999999997,,1,0.000041501014550,11.800159000000001,44.975738999999997,11.800182791894628,44.975704995883206
true,39575,11,11.863667000000000,44.974426000000001,,1,0.000000108949427,11.863667000000000,44.974426000000001,11.863666967009509,44.974426103834510
true,39581,12,12.005155999999999,44.980946000000003,,1,0.000000564387749,12.005155999999999,44.980946000000003,12.005155745429795,44.980945496286253
true,39584,12,11.919974000000000,44.975231000000001,,1,0.000000253235362,11.919974000000000,44.975231000000001,11.919974068776588,44.975231243716905
true,39585,12,11.926793999999999,44.974232000000001,,1,0.000000267409147,11.926793999999999,44.974232000000001,11.926793954499136,44.974231736490374
true,39586,12,12.021091000000000,44.974823000000001,,1,0.000000069236470,12.021091000000000,44.974823000000001,12.021091010421063,44.974823068447719
true,39592,12,11.999969000000000,44.982010000000002,,1,0.000000030199537,11.999969000000000,44.982010000000002,11.999968995072059,44.982009970205247
true,39600,12,11.981325000000000,44.985081000000001,,1,0.000000222681336,11.981325000000000,44.985081000000001,11.981324933737499,44.985080787405884
true,39602,11,11.821107000000000,44.976855999999998,,1,0.000064680473956,11.821107000000000,44.976855999999998,11.821121670439828,44.976918994776817
true,39606,11,11.882536000000000,44.976275999999999,,1,0.000000228708109,11.882536000000000,44.976275999999999,11.882535791640043,44.976276094305504
true,39609,12,12.001846000000000,44.981644000000003,,1,0.000000254708922,12.001846000000000,44.981644000000003,12.001845951220698,44.981643750005574
true,39610,12,11.955558999999999,44.985111000000003,,1,0.000063947702614,11.955558999999999,44.985111000000003,11.955532248028890,44.985169083050131
true,39611,12,12.008077000000000,44.979469000000002,,1,0.000000113010189,12.008077000000000,44.979469000000002,12.008077052348627,44.979469100154503
true,39615,11,11.884525999999999,44.976326000000000,,1,0.000000016223861,11.884525999999999,44.976326000000000,11.884526000404099,44.976325983781173
true,39617,11,11.870034000000000,44.975430000000003,,1,0.000000495723334,11.870034000000000,44.975430000000003,11.870034067961887,44.975429508957433
true,39618,12,11.886302000000001,44.976470999999997,,1,0.000000050734458,11.886302000000001,44.976470999999997,11.886301995076389,44.976470949505014
true,39619,1,12.039980000000000,44.975689000000003,,1,0.000000062240331,12.039980000000000,44.975689000000003,12.039980006553511,44.975688938105655
true,39623,11,11.865952999999999,44.974753999999997,,1,0.000000262728427,11.865952999999999,44.974753999999997,11.865952962677998,44.974754260064017
true,39625,12,11.909437000000000,44.977001000000001,,1,0.000000203690199,11.909437000000000,44.977001000000001,11.909437016170603,44.977001203047315
true,39627,12,12.029572000000000,44.974173999999998,,1,0.000078298259568,12.029572000000000,44.974173999999998,12.029573187790909,44.974252289249605
true,39628,11,11.861590000000000,44.973765999999998,,1,0.000000235286201,11.861590000000000,44.973765999999998,11.861589947817466,44.973766229426630
true,39629,12,11.888062000000000,44.976298999999997,,1,0.000000335213564,11.888062000000000,44.976298999999997,11.888062032531368,44.976299333631296
true,39630,11,11.801670000000000,44.976745999999999,,1,0.000000373981991,11.801670000000000,44.976745999999999,11.801670183974595,44.976745674399211
true,39631,11,11.796103000000000,44.972617999999997,,1,0.000000228015936,11.796103000000000,44.972617999999997,11.796103144979554,44.972617824010811
true,39632,12,11.917026999999999,44.976063000000003,,1,0.000000193463433,11.917026999999999,44.976063000000003,11.917026985236715,44.976062807100689
true,39634,12,11.929078000000001,44.974311999999998,,1,0.000000173400747,11.929078000000001,44.974311999999998,11.929078006078065,44.974311826705808
true,39639,12,11.995841000000000,44.982692999999998,,1,0.000000275593132,11.995841000000000,44.982692999999998,11.995840972424817,44.982692725789889
true,39641,12,12.027409000000000,44.974285000000002,,1,0.000000123917003,12.027409000000000,44.974285000000002,12.027409001879832,44.974285123902746
true,39642,12,12.031682999999999,44.974220000000003,,1,0.000000281560559,12.031682999999999,44.974220000000003,12.031682974843685,44.974220280434501
true,39644,12,12.023180999999999,44.974663000000000,,1,0.000000222686437,12.023180999999999,44.974663000000000,12.023180980186583,44.974662778196759
true,39645,12,11.952268000000000,44.983665000000002,,1,0.000000573315724,11.952268000000000,44.983665000000002,11.952267760158302,44.983665520736864
true,39649,11,11.868105000000000,44.975163000000002,,1,0.000000475776538,11.868105000000000,44.975163000000002,11.868105065227253,44.975162528715884
true,39651,12,11.915333000000000,44.976191999999998,,1,0.000000452604338,11.915333000000000,44.976191999999998,11.915333034538445,44.976192451284589
true,39658,12,12.025304999999999,44.974445000000003,,1,0.000027930842156,12.025304999999999,44.974445000000003,12.025307485133034,44.974472820065735
true,39659,11,11.803290000000001,44.977660999999998,,1,0.000000068833516,11.803290000000001,44.977660999999998,11.803290033861574,44.977660940071317
true,39660,12,11.957224999999999,44.985722000000003,,1,0.000065623218529,11.957224999999999,44.985722000000003,11.957202713234384,44.985783722823079
true,39661,12,11.931309000000001,44.974505999999998,,1,0.000000419106852,11.931309000000001,44.974505999999998,11.931308923831216,44.974506412127248
true,39665,12,11.979856000000000,44.985537999999998,,1,0.000000349802049,11.979856000000000,44.985537999999998,11.979855916870772,44.985538339780817
true,39668,12,12.013016000000000,44.977370999999998,,1,0.000068880153197,12.013016000000000,44.977370999999998,12.012996853360532,44.977304834437192
true,39671,1,12.046118999999999,44.976855999999998,,1,0.000000207210137,12.046118999999999,44.976855999999998,12.046119017507232,44.976856206469215
true,39674,11,11.859845999999999,44.973370000000003,,1,0.000000361656478,11.859845999999999,44.973370000000003,11.859845916785668,44.973369648047189
true,39678,12,11.913403000000001,44.976467000000000,,1,0.000009723375167,11.913403000000001,44.976467000000000,11.913401678587245,44.976457366833699
true,39683,12,11.959016999999999,44.986438999999997,,1,0.000000164006391,11.959016999999999,44.986438999999997,11.959017057503395,44.986438846404894
true,39684,12,11.950671000000000,44.982776999999999,,1,0.000032549533616,11.950671000000000,44.982776999999999,11.950687331238591,44.982748843956514
true,39691,12,11.933331000000001,44.974879999999999,,1,0.000000127283274,11.933331000000001,44.974879999999999,11.933330976867445,44.974880125163558
true,39694,12,11.993641000000000,44.982914000000001,,1,0.000000039855213,11.993641000000000,44.982914000000001,11.993640996012184,44.982913960344789
true,39695,12,11.911443000000000,44.976756999999999,,1,0.000030667669146,11.911443000000000,44.976756999999999,11.911438832244620,44.976726616850954
true,39696,11,11.805102000000000,44.978405000000002,,1,0.000000132920212,11.805102000000000,44.978405000000002,11.805102050479380,44.978404877038159
true,39698,11,11.807187000000001,44.978862999999997,,1,0.000000251572888,11.807187000000001,44.978862999999997,11.807187053954394,44.978862754280968
true,39700,12,12.033341000000000,44.974369000000003,,1,0.000000013168160,12.033341000000000,44.974369000000003,12.033340998823478,44.974369013115499
true,39701,12,11.935219999999999,44.975352999999998,,1,0.000000308272890,11.935219999999999,44.975352999999998,11.935219893222344,44.975353289189741
true,39702,11,11.819523999999999,44.977291000000001,,1,0.000000064038532,11.819523999999999,44.977291000000001,11.819524014524838,44.977291062369567
true,39705,12,11.918531000000000,44.975662000000000,,1,0.000022639967583,11.918531000000000,44.975662000000000,11.918524851175754,44.975640211009832
true,39706,12,11.949287999999999,44.981937000000002,,1,0.000000143300844,11.949287999999999,44.981937000000002,11.949287922169692,44.981937120322797
true,39709,12,11.960758999999999,44.987090999999999,,1,0.000000000092448,11.960758999999999,44.987090999999999,11.960758999967586,44.987091000086579
true,39713,12,12.038142000000001,44.975475000000003,,1,0.000000154495935,12.038142000000001,44.975475000000003,12.038141917185650,44.975475130425373
true,39714,12,11.937459000000000,44.976170000000003,,1,0.000009414325569,11.937459000000000,44.976170000000003,11.937455739124209,44.976178831546584
true,39717,12,11.939373000000000,44.976886999999998,,1,0.000000239095831,11.939373000000000,44.976886999999998,11.939373090131770,44.976886778543275
true,39720,12,12.014455000000000,44.976883000000001,,1,0.000000169511425,12.014455000000000,44.976883000000001,12.014454865612093,44.976882896684891
true,39724,12,11.941172999999999,44.977618999999997,,1,0.000000326115428,11.941172999999999,44.977618999999997,11.941172859121293,44.977619294116408
true,39726,12,11.988389000000000,44.983226999999999,,1,0.000000197383596,11.988389000000000,44.983226999999999,11.988388927698921,44.983226816334984
true,40109,11,11.809331000000000,44.979019000000001,,1,0.000000169310181,11.809331000000000,44.979019000000001,11.809331001915847,44.979019169299342
true,40111,11,11.811354000000000,44.978996000000002,,1,0.000000245432325,11.811354000000000,44.978996000000002,11.811354025362817,44.978996244118321
true,40112,11,11.813630000000000,44.978760000000001,,1,0.000000218434689,11.813630000000000,44.978760000000001,11.813629977427102,44.978759782734777
true,40114,11,11.815859000000000,44.978439000000002,,1,0.000016952868430,11.815859000000000,44.978439000000002,11.815856458866026,44.978422238663953
true,40115,11,11.817665999999999,44.978045999999999,,1,0.000072167265637,11.817665999999999,44.978045999999999,11.817641256816470,44.977978207012910
true,40123,12,11.943063000000000,44.978451000000000,,1,0.000066425103062,11.943063000000000,44.978451000000000,11.943034304999046,44.978510907355449
true,40126,12,11.944645000000000,44.979281999999998,,1,0.000000372953056,11.944645000000000,44.979281999999998,11.944644838887893,44.979282336358246
true,40128,12,11.946289999999999,44.980052999999998,,1,0.000000053072965,11.946289999999999,44.980052999999998,11.946290027775367,44.980052954775353
true,40129,12,11.947972999999999,44.981087000000002,,1,0.000000360908728,11.947972999999999,44.981087000000002,11.947973188879082,44.981086692461709
